title,date,file
Attention Deficit what?,2000-07-02,2000-07-02-20000702.gif
I Dream of Poultry,2000-07-14,2000-07-14-20000714.gif
Obsession: Part 1,2000-07-20,2000-07-20-20000720.gif
Obsession: Part 2,2000-07-24,2000-07-24-20000724.gif
Obsession: Part 3- The Final Encounter,2000-07-26,2000-07-26-20000726.gif
Bounce,2000-07-30,2000-07-30-20000730.gif
"No, this doesn't work",2000-08-16,2000-08-16-20000816.gif
This is supposed to be funny.,2000-08-25,2000-08-25-20000825.gif
No I will not dance for you.,2000-08-29,2000-08-29-20000829.gif
Has anyone else thought this??,2000-09-04,2000-09-04-20000904.gif
Based on a true story from Science Class,2000-10-13,2000-10-13-20001013.gif
John RoMellow,2000-10-28,2000-10-28-20001028.gif
Crossover with Rusty Shrapnel.,2000-11-03,2000-11-03-20001103.gif
Vatican 2: Pope Fiction,2000-11-12,2000-11-12-20001112.gif
Do you have a friggin' headache?,2000-11-18,2000-11-18-20001118.gif
Across the street NOW!!!,2000-11-26,2000-11-26-20001126.gif
Wishful thinking,2000-12-05,2000-12-05-20001205.gif
Ode to a twinkie,2000-12-09,2000-12-09-20001209.gif
2001: A Space Oddysony,2000-12-13,2000-12-13-20001213.gif
Making Games. Again.,2000-12-18,2000-12-18-20001218.gif
Bchow,2000-12-19,2000-12-19-20001219.gif
Hey look!  More Crap!,2000-12-31,2000-12-31-20001231.gif
The Confused Creative Process,2001-01-11,2001-01-11-20010111.gif
Ben's cousin Nate!,2001-01-25,2001-01-25-20010125.gif
Japan Ho Part 1,2001-01-28,2001-01-28-20010128.gif
Don't you just love silent movies?,2001-01-31,2001-01-31-20010131.gif
Japan Ho Part 2,2001-02-06,2001-02-06-20010206.gif
Japan Ho Part 3,2001-02-17,2001-02-17-20010217.gif
Japan Ho Part 4,2001-02-21,2001-02-21-20010221.gif
Japan Ho Part 5,2001-03-07,2001-03-07-20010307.gif
Can't you see they find my suffering fun,2001-04-03,2001-04-03-20010403.jpg
Support Conundrum Enterprises,2001-04-10,2001-04-10-20010410.jpg
A message from Miguel Santiago,2001-04-29,2001-04-29-20010429a.jpg
Rob Dawson:  Master of the Obvious!,2001-05-02,2001-05-02-20010502a.jpg
How do you pluralize paper?,2001-05-11,2001-05-11-20010511.jpg
Times to Celebrate!,2001-07-02,2001-07-02-20010702b.jpg
...like Megatokyo!,2001-07-08,2001-07-08-likemegatokyo.jpg
Bucky Weasel Part I,2001-07-18,2001-07-18-buckyweasl.jpg
...BAD comic...,2001-07-29,2001-07-29-badcomic.jpg
Game of the Year!,2001-08-06,2001-08-06-gameoftheyear.jpg
Fight the Pants!,2001-09-19,2001-09-19-grk2.jpg
Freshman Football anyone?,2001-09-24,2001-09-24-freshmanfootball.jpg
"Someone, over the rainbow",2001-09-25,2001-09-25-miguelgirlfriend.jpg
The Return to Castel Wol[Loading...],2001-09-26,2001-09-26-wolfensteinlag.jpg
It's the little things you cherish,2001-09-27,2001-09-27-change.jpg
>Spurt<,2001-09-30,2001-09-30-ouch.jpg
Testing the limits,2001-10-05,2001-10-05-threequartertext.jpg
"In the beginning, there was the w3rd",2001-10-09,2001-10-09-greenmnm.png
It would explain a lot...,2001-10-11,2001-10-11-doh.jpg
Absolute Power,2001-10-18,2001-10-18-moo.jpg
It's time for Adolescent Humor Time!,2001-10-26,2001-10-26-amps.jpg
The most deadly plague,2001-11-06,2001-11-06-abraham.jpg
Creativity at its best,2001-11-15,2001-11-15-thismany.png
Expect snow in southern hell today...,2001-12-07,2001-12-07-hellfreezes.png
We Stand Behind Our Products,2001-12-19,2001-12-19-behindtheproducts.png
Happy Friggin New Year,2002-01-01,2002-01-01-happynewyear.png
For the worried parent,2002-01-24,2002-01-24-gta3.gif
The joy of English,2002-01-25,2002-01-25-badessay2.gif
Yo quiero confusÃ©d,2002-02-09,2002-02-09-quieroconfuseddifferentlinessmall.jpg
Last Minute Term Papers,2002-02-22,2002-02-22-termpapers.jpg
Daydreaming,2002-03-01,2002-03-01-daydream.gif
Sean - quite the optimist,2002-03-21,2002-03-21-smileys.gif
"Emo strikes back, as soon as its done cr",2002-03-22,2002-03-22-emoboyyy.gif
I've always wanted to do this...,2002-04-01,2002-04-01-shoppingcomic.gif
Godzilla vs The Trojan Horse!!!,2002-04-10,2002-04-10-aeneid.jpg
Boredom,2002-04-12,2002-04-12-startsomething.jpg
What?  What's YOUR dearest wish?,2002-04-15,2002-04-15-run.jpg
Anyone for a nice heap of lazy?,2002-04-25,2002-04-25-bencomic.jpg
I heard this guy was so stoned he died!,2002-05-04,2002-05-04-sacrilege1.jpg
"Whaaaat, didn't you?",2002-05-11,2002-05-11-spiderman.jpg
It's a beautiful sight... i think...,2002-06-06,2002-06-06-moshpit.jpg
"No, seriously.  What?",2002-06-22,2002-06-22-jokeee.jpg
A little bitter,2002-07-16,2002-07-16-howtodraw.jpg
It doesn't work that way,2002-07-17,2002-07-17-aspirin.jpg
Napalm works for YOU!,2002-07-18,2002-07-18-fooom.jpg
Introduction to How Not to Be THAT GUY,2002-07-27,2002-07-27-thatguysmall.jpg
Rule 1 of How not to be that guy,2002-07-28,2002-07-28-rule1thatguy.jpg
Rule 2 of How not to be that guy,2002-07-29,2002-07-29-rule2thatguy.jpg
Rule 3 of How not to be that guy,2002-07-30,2002-07-30-rule3thatguy.jpg
Rule 4 of How not to be that guy,2002-07-31,2002-07-31-rule4thatguy.jpg
Rule 5 of How not to be that guy,2002-08-01,2002-08-01-rule5thatguy.jpg
Rule 6 of How not to be that guy,2002-08-02,2002-08-02-rule6thatguy.jpg
Paranoia Strikes!,2002-08-03,2002-08-03-egh.jpg
My Life for Nahzul!,2002-08-07,2002-08-07-warcraft3comic.jpg
It's my birfday!,2002-08-10,2002-08-10-threeyearssmall.jpg
Watch the rain!,2002-08-13,2002-08-13-messups.gif
Another senseless shaving death,2002-08-21,2002-08-21-shaving.jpg
A script i wrote LAST YEAR!,2002-09-06,2002-09-06-tooeasy.jpg
No joke!,2002-09-17,2002-09-17-littlefrosh.jpg
Shower Revelations!,2002-09-26,2002-09-26-showerrevelations.jpg
"Ehh, I've had worse",2002-10-01,2002-10-01-bleeding.jpg
I HATE that.,2002-10-11,2002-10-11-printercartridges.jpg
Collect them all! (Please Read Newspost),2002-11-10,2002-11-10-freshmen.jpg
That's puntastic!,2002-11-28,2002-11-28-rakeandpillage.gif
So that happened...,2002-11-30,2002-11-30-postthanksgiving.jpg
And it's good for the Extra Point!,2002-12-13,2002-12-13-itsgoodsmall.gif
We must haves it!,2002-12-29,2002-12-29-bengolem.jpg
READER NINJA!,2003-01-25,2003-01-25-readerninja.jpg
Ancient Symbols!,2003-01-29,2003-01-29-halocomic.jpg
The PAIN!,2003-02-04,2003-02-04-mathmidterm.jpg
Not tonight... I've got a Haddock,2003-03-15,2003-03-15-webdream.gif
Not to mention the sex!,2003-03-29,2003-03-29-dateyournotes.jpg
There is no inuendo in this comic.,2003-04-05,2003-04-05-bopit.jpg
"Yes, i DO say that.",2003-04-12,2003-04-12-johngoodman.jpg
Let me give that a good thinkin',2003-04-15,2003-04-15-lastdaycomic.jpg
Boobsies!,2003-04-18,2003-04-18-boobssmall.jpg
"Verbal Irony, kids.",2003-04-21,2003-04-21-angermanagement.jpg
Buttons?,2003-05-03,2003-05-03-sotheseeds.jpg
This comic has no title.,2003-05-10,2003-05-10-meandthepope.jpg
"The Horror, the Horror...",2003-05-13,2003-05-13-misunderstood-creatures.jpg
Whose creek?,2003-05-15,2003-05-15-dawsonscreek1.jpg
It's for you.,2003-05-23,2003-05-23-enterthematrixcomic.jpg
[Insert Sex Pun],2003-05-27,2003-05-27-matrixcomic1.jpg
"Why dads get one, i don't know",2003-05-31,2003-05-31-freefonz.jpg
It's mandatory.,2003-06-10,2003-06-10-3way.jpg
Already Been Heard,2003-06-18,2003-06-18-entenducomic.jpg
Sans Impedimenta,2003-08-12,2003-08-12-nakedburgersmall.jpg
thanks for that update,2003-09-30,2003-09-30-thegroup.jpg
"My arm's fine, finals notwithstanding",2003-11-24,2003-11-24-healthclinic.jpg
This didn't happen ever.,2004-01-05,2004-01-05-ihavenoson.jpg
So that happened...,2004-01-27,2004-01-27-ddrcomic.jpg
WORST. COMIC. EVER.,2004-04-09,2004-04-09-hellboycomic.jpg
Who ya gonna call?!,2004-04-14,2004-04-14-ghostbusters.jpg
"No seriously, the chair! Where?",2004-06-24,2004-06-24-godknows.jpg
Clocks are people too.,2004-08-15,2004-08-15-clock.jpg
EPIC SAGA PT SWEI,2004-09-23,2004-09-23-clockpt2small.gif
That's that for you.,2005-06-25,2005-06-25-gamingcomic.gif
Confused: UK,2005-08-12,2005-08-12-UKsmall.jpg
zombies in space!,2005-10-08,2005-10-08-space-zombies-final.jpg
"Call it an ""homage""",2006-01-15,2006-01-15-my-dinosaur-comic.gif
Top-Notch Security,2006-01-20,2006-01-20-security-comic-small.jpg
Rock out!,2006-01-28,2006-01-28-dancecomic.gif
The Sorry State of the Union,2006-02-01,2006-02-01-stateoftheunion2006.gif
Not that anything's wrong with that,2006-02-15,2006-02-15-valentinescomic.gif
The eter-net,2006-02-18,2006-02-18-lesbians-comic.jpg
the Spectacle,2006-03-13,2006-03-13-tvcrash-wtext.jpg
I'm probably not actually like this.,2006-03-17,2006-03-17-springbreak.gif
A Cheap Shot,2007-02-08,2007-02-08-vista-final.jpg
Why do I hate our freedoms?,2007-04-23,2007-04-23-hannityinabox.gif
"Not the Executive, Nor Legislative...",2007-08-15,2007-08-15-HPandCheney.jpg
Somebody get Leonardo,2008-04-06,2008-04-06-raphael.png
Scared Red,2008-10-28,2008-10-28-Socialists.gif
and who left their tumblr on the floor,2009-01-27,2009-01-27-carla-twitter.jpg
And What is Up with Wendy's?,2009-02-12,2009-02-12-creepy-ads.jpg
we need to present a united front,2009-04-12,2009-04-12-the-ocean.gif
how did we announce every whim before?,2009-04-18,2009-04-18-facebook.jpg
So ... Ph.D?,2009-05-21,2009-05-21-grad-school.jpg
Really Maturing.,2009-05-30,2009-05-30-literally.jpg
Obstructed View,2013-09-01,2013-09-01-obstructed-view-final.jpg
